Manufacturer,Category,Screen Size,CPU,RAM,GPU,Weight,Price,Storage_size1,Storage_type1,Storage_size2,Storage_type2
5,4,13.3,6,8,0,1.37,11912523.48,128000,4,0,0
5,4,13.3,5,8,3,1.34,7993374.48,128000,2,0,0
2,3,15.6,6,8,3,1.86,5112900.0,256000,4,0,0
5,4,15.4,8,16,4,1.83,22563005.4,512000,4,0,0
5,4,13.3,7,8,4,1.37,16037611.2,256000,4,0,0
2,3,15.6,4,4,3,2.1,3556800.0,500000,1,0,0
5,4,15.4,7,16,4,2.04,19028613.24,256000,2,0,0
5,4,13.3,5,8,3,1.34,10303160.4,256000,2,0,0
2,4,14.0,9,16,4,1.3,13293540.0,512000,4,0,0
2,4,14.0,8,8,3,1.6,6846840.0,256000,4,0,0
2,3,15.6,6,4,3,1.86,3502558.8,500000,1,0,0
2,3,15.6,5,4,3,1.86,3067651.08,500000,1,0,0
5,4,15.4,8,16,4,1.83,21696213.24,256000,4,0,0
2,3,15.6,5,4,3,2.2,4436218.8,256000,4,0,0
5,4,12.0,4,8,3,0.92,11225260.8,256000,4,0,0
5,4,13.3,6,8,0,1.37,13502946.6,256000,4,0,0
2,3,15.6,7,8,3,2.2,6624540.0,256000,4,0,0
5,4,15.4,8,16,4,1.83,25413336.0,512000,4,0,0
2,3,15.6,6,8,3,2.2,4437108.0,1000000,1,0,0
2,4,13.3,8,8,3,1.22,8705268.0,128000,4,0,0
2,1,11.6,3,2,2,0.98,1706374.8,32000,2,0,0
2,6,15.6,7,8,4,2.5,8883108.0,128000,4,1000000,1
2,3,15.6,3,4,2,1.86,2294136.0,500000,1,0,0
2,2,13.3,8,8,3,1.62,7282548.0,256000,4,0,0
2,4,15.6,9,8,3,1.91,5859828.0,256000,4,0,0
2,3,15.6,5,4,3,2.3,3722546.88,1000000,1,0,0
5,4,13.3,6,8,3,1.35,9772308.0,128000,2,0,0
2,3,15.6,8,8,3,2.2,7113600.0,256000,4,0,0
2,4,15.6,9,8,3,1.88,11541816.0,256000,4,256000,4
2,3,17.3,8,8,3,2.5,7967232.0,1000000,1,0,0
0,3,15.6,3,4,2,1.89,2178451.08,64000,2,0,0
2,3,14.0,3,2,2,1.65,1769508.0,32000,2,0,0
2,3,17.3,4,4,3,2.71,3903588.0,500000,1,0,0
2,4,13.3,9,16,3,1.2,16619148.0,512000,4,0,0
5,4,13.3,6,8,3,1.35,8874216.0,256000,2,0,0
2,3,14.0,1,4,3,1.44,2214108.0,64000,2,0,0
2,3,15.6,6,4,3,2.1,3263364.0,1000000,1,0,0
2,3,17.3,8,8,3,2.8,8705268.0,128000,4,1000000,1
2,3,15.6,6,4,3,1.86,4345431.48,1000000,1,0,0
2,3,15.6,8,8,3,2.1,7816068.0,256000,4,0,0
2,3,15.6,5,4,3,2.0,3458988.0,1000000,1,0,0
2,6,15.6,8,16,5,2.65,13329108.0,256000,4,1000000,1
2,3,15.6,6,8,3,2.3,4650427.08,1000000,1,0,0
2,3,15.6,8,4,3,2.2,6064344.0,256000,4,0,0
2,2,17.3,8,12,3,2.77,8883108.0,1000000,1,0,0
5,4,13.3,6,8,4,1.37,12617748.0,256000,4,0,0
2,3,15.6,5,4,3,2.2,3281148.0,128000,4,0,0
2,6,17.3,7,8,5,3.2,11550708.0,256000,4,1000000,1
2,3,15.6,6,4,3,2.3,5681988.0,256000,4,0,0
2,3,17.3,4,4,3,2.8,4143672.0,1000000,1,0,0
2,2,10.1,3,4,2,0.69,2836548.0,64000,2,0,0
2,3,15.6,9,8,4,2.2,7478172.0,256000,4,0,0
2,3,15.6,4,4,2,1.86,3543373.08,256000,4,0,0
2,3,13.3,9,8,3,1.49,9807876.0,512000,4,0,0
2,3,15.6,6,4,3,2.4,3414528.0,1000000,1,0,0
2,3,15.6,9,8,3,2.13,6827277.6,256000,4,0,0
2,3,15.6,5,4,3,1.91,3903588.0,128000,4,0,0
2,3,15.6,6,4,3,2.0,5212401.48,256000,4,0,0
4,6,17.3,8,16,5,2.43,21776508.0,256000,4,2000000,1
2,3,15.6,5,4,3,2.0,3690180.0,256000,4,0,0
2,3,17.3,9,16,3,2.8,11550708.0,256000,4,2000000,1
2,4,14.0,8,8,3,1.7,7816068.0,256000,4,0,0
2,3,14.0,6,8,3,1.7,5326308.0,256000,4,0,0
2,3,14.0,8,8,3,1.4,8367372.0,256000,4,0,0
2,3,15.6,6,8,3,1.86,6135480.0,256000,4,0,0
2,4,15.6,8,16,4,1.8,17632836.0,512000,4,0,0
2,3,15.6,5,4,3,1.86,3900831.48,500000,1,0,0
2,3,14.0,2,4,2,1.44,2036268.0,32000,4,0,0
2,3,15.6,6,4,3,1.9,4881708.0,1000000,1,0,0
2,6,17.3,8,12,4,3.0,8438508.0,1000000,1,0,0
2,4,13.5,6,4,3,1.252,9683388.0,128000,4,0,0
2,4,13.3,9,8,3,1.4,8491860.0,256000,4,0,0
2,3,15.6,9,8,3,2.2,7736040.0,256000,4,0,0
4,6,17.3,7,8,4,2.7,9736740.0,128000,4,1000000,1
2,3,14.0,5,8,3,2.1,3458988.0,1000000,1,0,0
2,6,15.6,8,8,4,2.2,8438508.0,1000000,1,0,0
2,3,15.6,6,8,3,2.2,4614948.0,2000000,1,0,0
2,3,15.6,9,8,3,2.02,7602660.0,128000,4,1000000,1
2,3,15.6,6,4,3,2.2,4712760.0,1000000,1,0,0
2,3,17.3,8,8,3,2.5,8687484.0,128000,4,1000000,1
2,4,15.6,8,8,3,1.88,9747054.72,256000,4,0,0
5,4,12.0,5,8,3,0.92,13426920.0,512000,4,0,0
2,3,14.0,8,8,3,1.63,7647120.0,256000,4,0,0
2,3,15.6,4,4,2,2.2,3547908.0,128000,4,0,0
2,3,15.6,4,4,3,2.1,3512340.0,1000000,1,0,0
2,6,15.6,8,16,4,2.65,11995308.0,128000,4,1000000,1
2,4,15.6,9,8,3,1.83,6215508.0,256000,4,0,0
2,3,15.6,6,8,3,1.96,5326219.08,256000,4,0,0
2,6,15.6,8,16,5,2.2,12884508.0,128000,4,1000000,1
2,4,13.3,9,8,3,1.21,14662908.0,256000,4,0,0
2,6,15.6,7,8,4,2.45,6215508.0,1000000,1,0,0
2,3,15.6,9,8,4,2.2,6126588.0,1000000,1,0,0
2,3,13.3,9,16,3,1.49,10643724.0,512000,4,0,0
2,6,15.6,7,8,5,2.65,10625940.0,256000,4,0,0
2,4,14.0,7,8,3,1.25,9327708.0,256000,4,0,0
2,2,13.3,8,8,3,1.5,7531524.0,256000,4,0,0
2,3,15.6,7,8,3,2.2,5334310.8,1000000,1,0,0
2,3,15.6,5,4,3,2.2,4312620.0,256000,4,0,0
2,3,15.6,6,6,2,2.0,5130684.0,256000,4,0,0
2,6,15.6,8,12,4,2.62,11106108.0,128000,4,1000000,1
2,3,15.6,7,8,3,1.91,6393348.0,256000,4,0,0
2,3,15.6,3,4,2,2.1,3103308.0,500000,1,0,0
2,3,15.6,8,8,3,2.2,5753124.0,1000000,1,0,0
2,4,13.3,7,8,4,1.38,9950148.0,256000,4,0,0
2,4,13.5,6,8,3,1.252,11915280.0,256000,4,0,0
2,3,14.0,6,6,3,1.58,5859828.0,256000,4,0,0
2,3,15.6,5,4,3,1.85,3689290.8,1000000,1,0,0
2,4,14.0,7,8,3,1.3,10608156.0,256000,4,0,0
4,6,15.6,8,16,4,2.2,11550708.0,256000,4,1000000,1
2,3,14.0,7,8,3,1.58,13160160.0,256000,4,0,0
2,4,15.6,9,16,4,1.5,11221704.0,256000,4,1000000,1
2,4,13.3,7,8,0,1.23,12262068.0,256000,4,0,0
2,2,13.3,6,8,3,1.37,12439908.0,256000,4,0,0
2,3,14.0,8,4,3,1.63,6420024.0,500000,1,0,0
2,4,13.3,8,8,3,1.21,14485068.0,256000,4,0,0
2,2,13.3,8,8,3,1.26,12439819.08,256000,4,0,0
2,3,14.0,9,8,3,1.63,9638928.0,512000,4,0,0
2,3,15.6,9,8,3,2.16,10050894.36,256000,4,1000000,1
2,3,17.3,5,4,3,2.0,5015088.0,1000000,1,0,0
2,3,15.6,9,8,3,1.7,9941256.0,256000,4,0,0
2,3,15.6,6,6,3,2.1,4259268.0,1000000,1,0,0
4,6,15.6,8,16,5,1.8,19931418.0,256000,4,2000000,1
2,3,15.6,6,8,3,2.2,5593068.0,256000,4,0,0
2,3,17.3,9,16,3,2.5,11301732.0,512000,4,0,0
2,3,15.6,4,4,3,2.1,4010292.0,256000,4,0,0
2,3,15.6,2,4,2,1.86,2303028.0,500000,1,0,0
2,3,14.0,8,8,3,1.63,7220304.0,1000000,1,0,0
2,3,14.0,3,4,2,1.65,2471887.08,64000,4,0,0
2,3,17.3,9,16,3,2.8,12413232.0,256000,4,2000000,1
2,3,17.3,8,8,3,2.5,8251776.0,256000,4,0,0
2,3,15.6,6,8,3,2.36,5681899.08,1000000,1,0,0
2,3,15.6,5,4,3,2.2,3992508.0,1000000,1,0,0
2,4,14.0,9,8,3,1.6,7860528.0,256000,4,0,0
2,3,15.6,6,4,3,2.2,5086224.0,256000,4,0,0
2,3,15.6,7,8,3,2.05,5317416.0,1000000,1,0,0
2,3,14.0,9,8,3,1.63,8785296.0,256000,4,0,0
2,3,15.6,1,4,3,1.9,2243985.12,1000000,1,0,0
2,6,17.3,7,8,4,3.0,8340696.0,128000,4,1000000,1
2,3,15.6,6,4,3,2.2,4437108.0,1000000,1,0,0
2,3,13.3,6,4,3,1.32,6215508.0,256000,4,0,0
2,3,17.3,6,4,3,3.0,5824260.0,1000000,1,0,0
2,3,14.0,8,8,4,1.75,9923649.84,256000,4,0,0
2,6,15.6,8,8,4,2.4,7727148.0,256000,4,0,0
2,3,15.6,6,4,3,2.1,5352984.0,500000,1,0,0
2,3,15.6,4,4,2,1.86,3281148.0,256000,4,0,0
2,4,14.0,9,8,3,1.25,9772308.0,256000,4,0,0
2,4,12.5,4,8,3,0.97,17908488.0,512000,4,0,0
2,3,15.6,1,4,3,2.0,3058848.0,1000000,1,0,0
4,6,17.3,8,16,5,2.9,18041868.0,256000,4,1000000,1
2,3,15.6,5,4,3,2.1,3974724.0,1000000,1,0,0
2,6,15.6,8,16,4,2.56,11108419.92,512000,4,0,0
2,6,15.6,8,8,4,2.62,7993908.0,1000000,3,0,0
2,3,15.6,6,4,3,1.9,4428216.0,128000,4,0,0
4,6,17.3,8,16,5,2.8,16805880.0,256000,4,1000000,1
2,4,14.0,7,4,3,1.48,9621144.0,256000,4,0,0
2,3,15.6,8,6,3,1.91,5504148.0,256000,4,0,0
2,2,14.0,6,4,3,1.74,5593068.0,256000,4,0,0
2,2,13.3,8,8,3,1.1,11692980.0,256000,4,0,0
2,2,15.6,9,8,3,1.56,9327708.0,256000,4,0,0
2,3,15.6,5,4,3,2.1,3974724.0,500000,1,0,0
2,3,15.6,4,4,3,2.03,3583476.0,1000000,1,0,0
2,3,17.3,8,4,4,3.0,7158060.0,256000,4,0,0
2,3,15.6,8,8,3,2.13,6473376.0,256000,4,0,0
2,6,15.6,8,16,4,2.5,9594468.0,256000,4,0,0
2,3,15.6,1,4,3,2.1,3094416.0,1000000,1,0,0
4,6,15.6,8,16,5,2.4,15996708.0,256000,4,1000000,1
2,3,15.6,4,4,3,2.1,3232330.92,1000000,1,0,0
2,6,15.6,8,8,4,2.56,9429877.08,128000,4,1000000,1
2,3,17.3,8,8,4,3.0,7593768.0,256000,4,0,0
2,3,13.3,8,4,3,1.49,6704568.0,500000,1,0,0
1,4,13.0,6,8,3,1.05,11995308.0,256000,4,0,0
2,3,17.3,6,6,3,2.71,6215508.0,2000000,1,0,0
2,3,15.6,4,4,2,2.2,2747628.0,500000,1,0,0
2,3,15.6,6,4,3,2.0,4348188.0,500000,1,0,0
2,3,17.3,8,8,3,2.5,8207316.0,256000,4,0,0
2,3,15.6,6,8,3,2.3,4081428.0,1000000,1,0,0
2,3,15.6,5,4,3,2.1,3992508.0,128000,4,0,0
4,6,18.4,9,32,5,4.4,24888708.0,512000,4,1000000,1
2,3,15.6,6,8,4,1.9,7229196.0,128000,4,1000000,1
2,2,13.3,8,8,3,1.29,13329108.0,256000,4,0,0
2,3,15.6,9,16,3,2.02,9327708.0,256000,4,2000000,1
2,4,13.3,8,8,3,1.23,12439908.0,256000,4,0,0
2,2,13.9,9,16,3,1.4,16441308.0,512000,4,0,0
2,3,15.6,6,8,3,2.0,7051356.0,128000,4,0,0
1,3,15.6,8,8,4,1.95,10661508.0,256000,4,0,0
2,3,17.3,9,16,3,2.77,13773708.0,512000,4,0,0
2,3,15.6,8,16,4,2.06,21314124.0,512000,4,0,0
2,6,15.6,7,8,4,2.4,6926868.0,256000,4,0,0
2,4,13.3,6,8,3,1.12,8794188.0,256000,4,0,0
2,3,17.3,9,8,3,2.8,9647820.0,128000,4,1000000,1
2,2,14.0,7,16,3,1.42,25111008.0,1000000,4,0,0
0,3,14.0,1,4,3,1.3,2311920.0,32000,2,0,0
1,4,13.3,6,8,4,1.3,8891110.8,256000,4,0,0
2,3,17.3,8,8,4,2.8,6206616.0,256000,4,0,0
2,2,13.3,9,8,3,1.62,7460388.0,1000000,1,0,0
2,3,17.3,8,8,3,2.5,8127288.0,1000000,1,0,0
1,6,17.3,9,32,5,3.49,54232308.0,1000000,4,0,0
2,3,13.3,8,8,3,1.49,8527428.0,512000,4,0,0
2,6,17.3,8,16,4,3.35,12262068.0,256000,4,1000000,1
2,3,17.3,9,8,3,2.5,9292140.0,256000,4,0,0
2,6,15.6,8,16,5,2.65,16405740.0,512000,4,1000000,1
2,3,15.6,6,4,3,2.1,4383756.0,128000,4,0,0
2,3,15.6,7,8,3,2.23,6597864.0,1000000,1,0,0
2,6,15.6,8,16,5,3.2,15552108.0,512000,4,1000000,1
2,5,15.6,10,16,4,2.8,27165060.0,256000,4,1000000,1
2,6,15.6,8,16,5,2.4,12431016.0,512000,4,0,0
2,3,15.6,6,6,3,2.3,3903588.0,1000000,1,0,0
2,4,13.3,9,8,3,1.21,17330508.0,256000,4,0,0
2,4,13.3,9,8,3,1.2,12884508.0,256000,4,0,0
2,3,15.6,6,8,3,2.2,5308524.0,256000,4,0,0
2,3,15.6,8,8,4,2.4,6926868.0,1000000,1,0,0
2,6,17.3,8,16,4,2.9,12511044.0,256000,4,1000000,1
2,3,15.6,5,4,3,2.1,3103308.0,500000,1,0,0
2,3,15.6,6,8,3,2.2,4881708.0,256000,4,0,0
1,4,13.0,7,8,3,1.05,13329108.0,512000,4,0,0
2,4,13.3,9,8,3,1.4,8286276.96,256000,4,0,0
2,3,17.3,6,8,3,2.8,5237388.0,1000000,1,0,0
2,3,14.0,9,8,3,1.63,9167652.0,256000,4,0,0
2,4,14.0,8,8,3,1.6,10216908.0,256000,4,0,0
2,2,13.3,9,16,3,1.62,11372868.0,512000,4,0,0
2,3,15.6,8,8,3,2.2,6022996.2,256000,4,0,0
2,2,14.0,8,8,3,1.74,7993908.0,256000,4,0,0
2,4,13.3,8,8,3,1.2,12119796.0,256000,4,0,0
2,3,15.6,8,8,3,2.1,7060248.0,1000000,1,0,0
2,6,17.3,8,16,5,4.42,21841775.28,256000,4,1000000,1
2,3,15.6,7,8,3,2.2,7398144.0,256000,4,0,0
2,3,15.6,7,16,3,2.3,7638316.92,1000000,1,0,0
2,3,15.6,6,8,3,2.0,6837948.0,256000,4,0,0
2,3,17.3,6,8,4,2.69,7922772.0,256000,4,500000,1
2,3,15.6,7,8,0,1.9,11283948.0,1000000,1,0,0
2,3,15.6,6,4,3,2.37,3547819.08,1000000,1,0,0
2,3,15.6,4,4,2,2.1,2934360.0,500000,1,0,0
2,6,15.6,8,16,5,3.2,13329108.0,256000,4,1000000,1
2,3,14.0,6,8,3,1.6,7638228.0,256000,4,0,0
2,2,13.3,6,8,3,1.6,6126588.0,256000,4,0,0
2,3,15.6,7,16,3,2.36,7993908.0,256000,4,0,0
2,3,15.6,5,4,3,2.1,3467880.0,1000000,1,0,0
2,3,15.6,7,4,3,2.2,5112900.0,128000,4,1000000,1
2,6,17.3,9,32,5,4.7,34589880.0,512000,4,1000000,1
2,6,15.6,7,8,4,2.5,7522632.0,256000,4,0,0
2,3,15.6,5,8,3,2.2,5237388.0,128000,4,0,0
2,3,17.3,9,8,3,2.1,10181340.0,128000,4,1000000,1
2,3,17.3,7,8,4,2.69,7904988.0,128000,4,1000000,1
2,6,15.6,7,8,4,2.56,7816068.0,256000,4,0,0
2,2,13.9,7,8,3,1.38,9594468.0,256000,4,0,0
2,3,15.6,9,8,3,2.2,8758620.0,128000,4,2000000,1
2,3,15.6,6,8,3,2.04,4970628.0,1000000,1,0,0
2,6,17.3,9,16,5,3.6,26667108.0,256000,4,0,0
2,3,13.3,8,4,3,1.49,6002100.0,500000,1,0,0
5,4,13.3,7,8,4,1.37,18139680.0,512000,4,0,0
2,2,15.6,9,8,3,2.08,7282548.0,1000000,1,0,0
2,6,17.3,8,16,5,4.3,15996708.0,256000,4,1000000,1
2,3,15.6,4,4,3,1.68,4170348.0,1000000,1,0,0
2,2,13.9,9,8,3,1.37,16441308.0,512000,4,0,0
2,3,17.3,6,4,3,3.0,6242184.0,256000,4,0,0
2,4,13.3,8,8,3,1.41,8438508.0,256000,4,0,0
2,3,15.6,6,8,2,1.91,3964942.8,128000,4,0,0
2,3,17.3,9,16,4,2.9,9416628.0,1000000,1,0,0
4,6,17.3,8,16,5,4.14,22221108.0,512000,4,1000000,1
2,2,15.6,8,8,4,2.0,15107508.0,512000,4,0,0
2,3,17.3,9,8,3,2.8,10154664.0,128000,4,1000000,1
2,3,15.6,5,4,3,2.2,3948048.0,256000,4,0,0
2,3,15.6,8,4,3,2.1,6420024.0,500000,1,0,0
2,3,15.6,6,4,3,2.18,5842044.0,1000000,1,0,0
2,3,15.6,6,8,3,2.24,5023980.0,1000000,1,0,0
2,2,15.6,8,8,3,2.67,7104708.0,256000,4,0,0
2,2,13.3,9,8,3,1.1,13329108.0,512000,4,512000,4
2,3,15.6,6,4,3,2.2,4152564.0,1000000,1,0,0
2,3,17.3,9,8,3,2.5,9052056.0,1000000,1,0,0
2,3,15.6,9,8,3,2.05,7824960.0,256000,4,0,0
5,4,13.3,8,8,4,1.37,17418538.8,512000,4,0,0
2,6,17.3,7,16,5,3.2,13773708.0,256000,4,1000000,1
2,3,15.6,9,8,3,2.14,6536242.44,256000,4,0,0
2,2,14.0,8,16,3,1.36,22221108.0,512000,4,0,0
2,3,15.6,8,8,3,2.2,7220304.0,500000,1,0,0
2,3,15.6,7,12,3,2.3,6340618.44,1000000,1,0,0
2,3,17.3,9,8,3,2.8,9772308.0,128000,4,1000000,1
2,3,15.6,9,8,3,2.2,6624540.0,1000000,1,0,0
2,3,17.3,5,4,3,2.8,4348188.0,1000000,1,0,0
2,3,17.3,9,8,4,2.8,7549308.0,2000000,1,0,0
2,3,17.3,7,6,3,2.8,7638228.0,128000,4,1000000,1
2,3,15.6,5,4,3,2.25,3805776.0,1000000,1,0,0
2,6,15.6,7,8,4,2.5,7371468.0,256000,4,0,0
2,3,15.6,6,6,3,2.2,5148468.0,256000,4,0,0
2,3,15.6,9,8,4,3.0,8456292.0,256000,4,0,0
2,3,15.6,7,12,3,2.15,5859828.0,1000000,1,0,0
2,3,15.6,7,8,3,1.95,9754524.0,256000,4,0,0
2,4,15.6,6,8,3,1.7,8687484.0,256000,4,0,0
2,6,15.6,8,16,4,2.5,10483668.0,256000,4,1000000,1
2,3,15.6,7,8,3,2.2,5859916.92,1000000,1,0,0
2,3,15.6,4,2,2,2.19,1769508.0,16000,4,0,0
2,6,17.3,8,8,4,3.0,10554804.0,1000000,1,0,0
2,3,17.3,5,8,3,2.54,4348188.0,1000000,1,0,0
2,3,15.6,8,8,4,2.0,16263468.0,256000,4,0,0
2,3,15.6,8,8,3,2.05,6571188.0,256000,4,0,0
2,6,15.6,8,8,5,3.2,11550708.0,1000000,1,0,0
2,3,15.6,8,8,4,2.5,8705268.0,256000,4,0,0
2,5,17.3,9,16,4,3.42,25652175.12,256000,4,0,0
2,3,15.6,7,6,3,2.4,4437108.0,1000000,1,0,0
2,4,15.6,7,16,3,1.63,13053456.0,512000,4,0,0
2,3,14.0,6,4,3,1.3,4526028.0,128000,4,0,0
2,6,17.3,8,16,5,2.9,18868824.0,256000,4,1000000,1
2,3,17.3,6,6,4,2.8,5770908.0,1000000,1,0,0
2,3,15.6,6,8,3,2.2,4881708.0,2000000,1,0,0
2,6,15.6,8,8,4,2.5,11248380.0,128000,4,1000000,1
2,3,15.6,4,4,3,2.2,3201031.08,1000000,1,0,0
2,2,13.3,8,16,3,1.28,17561700.0,256000,4,0,0
2,3,15.6,8,8,3,2.2,9274356.0,256000,4,0,0
2,3,15.6,6,8,3,2.3,7282548.0,128000,4,1000000,1
2,3,15.6,5,4,3,1.86,4170348.0,1000000,1,0,0
2,3,13.3,6,8,3,1.1,8883108.0,256000,4,0,0
2,4,13.3,9,16,3,1.21,22221108.0,1000000,4,0,0
4,6,15.6,8,16,5,2.8,18664308.0,256000,4,1000000,1
2,3,15.6,6,8,3,2.23,4170348.0,256000,4,0,0
2,2,11.6,1,2,3,1.1,2445300.0,32000,2,0,0
2,3,15.6,8,8,3,2.33,7504848.0,128000,4,1000000,1
2,2,13.3,9,16,3,1.29,21776508.0,1000000,4,0,0
2,3,13.3,4,4,3,1.45,4089430.8,16000,2,0,0
2,3,14.0,6,8,3,1.95,8714160.0,256000,4,0,0
2,3,11.6,5,4,2,1.4,4312620.0,128000,2,0,0
2,3,14.0,7,8,3,1.48,11488464.0,256000,4,0,0
2,3,17.3,6,4,3,2.79,5237388.0,1000000,1,0,0
2,3,14.0,7,8,3,2.0,9727848.0,256000,4,0,0
2,3,15.6,9,8,3,2.1,8020584.0,1000000,1,0,0
2,3,15.6,7,8,4,2.2,5859828.0,256000,4,0,0
2,3,14.0,1,4,3,1.44,2596464.0,32000,2,0,0
2,3,15.6,6,6,3,2.23,4881708.0,1000000,1,0,0
2,4,15.6,7,8,3,1.7,9335710.8,256000,4,0,0
2,4,12.5,7,8,3,1.26,11870820.0,256000,4,0,0
2,3,15.6,8,32,4,2.06,23465988.0,1000000,4,0,0
4,6,17.3,8,8,4,2.7,10661508.0,256000,4,1000000,1
2,3,15.6,6,8,3,2.0,8385156.0,256000,4,0,0
2,3,14.0,7,8,3,2.0,11861928.0,256000,4,1000000,1
2,3,15.6,5,4,3,1.85,3992508.0,1000000,1,0,0
2,6,15.6,8,8,4,2.5,8883108.0,256000,4,0,0
2,3,14.0,8,8,3,1.48,11275056.0,256000,4,0,0
2,4,15.6,8,8,3,1.9,9327708.0,128000,4,1000000,1
2,3,15.6,6,8,3,1.84,10172448.0,256000,4,0,0
2,3,15.6,1,4,3,2.0,2445211.08,1000000,1,0,0
2,3,15.6,8,8,3,2.0,10161333.0,256000,4,0,0
2,3,15.6,2,4,2,2.2,2444410.8,500000,1,0,0
2,3,15.6,9,12,3,2.2,7993908.0,2000000,1,0,0
2,3,15.6,6,8,3,2.1,6366672.0,1000000,1,0,0
2,2,13.9,9,16,3,1.4,18664308.0,512000,4,0,0
2,4,13.3,9,8,3,1.2,14040468.0,256000,4,0,0
2,6,15.6,8,16,4,2.4,10039068.0,256000,4,2000000,1
2,3,14.0,2,2,2,1.44,2480868.0,32000,2,0,0
2,4,15.6,9,16,3,1.88,14297980.32,512000,4,256000,4
2,2,11.6,1,4,3,1.5,3334500.0,32000,2,0,0
2,4,15.6,8,8,3,1.9,5895396.0,1000000,1,0,0
2,3,15.6,8,16,4,2.06,18027818.64,512000,4,0,0
2,3,15.6,7,8,3,1.84,11595168.0,256000,4,0,0
4,6,17.3,8,8,5,2.7,12528828.0,128000,4,1000000,1
2,5,15.6,8,8,4,2.6,15456696.84,256000,4,0,0
2,3,15.6,8,16,3,2.4,12475476.0,512000,4,0,0
2,3,15.6,9,8,3,2.02,8633242.8,128000,4,2000000,1
2,3,15.6,1,4,3,2.2,2863135.08,1000000,1,0,0
2,6,15.6,7,8,4,2.65,8883108.0,1000000,1,0,0
2,3,15.6,6,8,3,2.36,4956134.04,2000000,1,0,0
2,3,14.0,8,8,3,1.36,12688884.0,256000,4,0,0
2,3,15.6,5,4,3,1.86,3903588.0,500000,1,0,0
2,3,14.0,6,8,3,2.0,8402940.0,256000,4,0,0
2,3,17.3,6,6,3,2.8,6393348.0,128000,4,1000000,1
2,3,15.6,6,8,3,1.86,5681988.0,1000000,1,0,0
2,3,15.6,5,8,3,2.2,4437108.0,256000,4,0,0
2,3,15.6,5,8,2,2.04,3458988.0,2000000,1,0,0
2,3,17.3,8,8,3,2.8,9647820.0,128000,4,1000000,1
2,6,15.6,7,8,4,2.4,7193628.0,128000,4,1000000,1
2,3,15.6,7,8,3,2.33,7993908.0,256000,4,0,0
2,4,14.0,7,8,3,1.36,15561000.0,256000,4,0,0
2,2,15.6,7,12,3,2.26,9772308.0,512000,4,2000000,1
2,3,15.6,4,4,3,2.1,3787992.0,128000,4,0,0
2,6,17.3,7,16,5,3.25,19553508.0,256000,4,1000000,1
2,3,17.3,6,4,3,2.6,4348188.0,128000,4,0,0
2,2,13.3,9,8,3,1.62,7727236.92,256000,4,0,0
2,3,15.6,4,4,3,1.91,4348099.08,256000,4,0,0
2,1,11.6,5,4,3,1.59,4917276.0,128000,4,0,0
2,3,15.6,4,4,2,1.8,2747628.0,500000,1,0,0
2,3,14.0,1,4,3,1.5,2543112.0,32000,2,0,0
2,3,15.6,8,8,4,2.4,7522632.0,1000000,1,0,0
2,6,17.3,8,8,4,3.35,10590372.0,128000,4,1000000,1
2,3,15.6,5,4,3,1.85,3587922.0,128000,4,0,0
2,6,15.6,8,8,5,2.3,14716260.0,128000,4,1000000,1
2,3,14.0,6,8,3,1.5,9772308.0,256000,4,0,0
2,4,13.3,7,16,3,1.1,15551218.8,512000,4,0,0
2,4,14.0,7,8,3,1.13,20291544.0,512000,4,0,0
2,3,13.3,6,4,3,1.5,4881708.0,128000,4,0,0
2,5,15.6,7,8,3,2.23,12173148.0,500000,1,0,0
2,5,15.6,8,8,4,2.0,18984420.0,256000,4,0,0
2,2,14.0,7,16,3,1.42,22310028.0,512000,4,0,0
2,6,17.3,8,8,4,3.0,9238788.0,1000000,1,0,0
2,6,17.3,8,16,4,3.0,14147172.0,256000,4,1000000,1
2,3,15.6,8,12,3,2.2,6170959.08,1000000,1,0,0
4,6,17.3,8,8,4,2.7,11995308.0,256000,4,0,0
2,3,15.6,7,8,3,2.33,6925712.04,256000,4,0,0
2,4,15.6,4,4,3,1.91,4437108.0,256000,4,0,0
2,3,15.6,9,8,4,2.1,10933247.52,256000,4,0,0
2,3,14.0,6,8,3,1.9,8340696.0,256000,4,0,0
2,5,15.6,8,8,4,1.78,24115104.0,256000,4,0,0
2,4,14.0,7,16,3,1.13,23341500.0,1000000,4,0,0
2,3,15.6,1,4,3,2.2,2720952.0,1000000,1,0,0
2,6,17.3,8,16,4,2.9,13595868.0,256000,4,1000000,1
2,3,15.6,8,8,4,2.1,10176894.0,256000,4,1000000,1
2,3,15.6,8,8,4,2.5,7816068.0,256000,4,0,0
4,6,17.3,8,16,5,2.8,19998108.0,256000,4,1000000,1
2,4,14.0,7,8,3,1.1,16654716.0,512000,4,0,0
2,4,13.3,8,16,3,1.2,15534324.0,512000,4,0,0
2,4,14.0,8,8,2,1.36,14938560.0,512000,4,0,0
2,3,15.6,5,4,3,2.2,3636828.0,500000,1,0,0
2,3,11.6,1,2,3,1.15,2707169.4,32000,2,0,0
2,5,15.6,8,8,4,2.67,17117100.0,512000,4,0,0
2,4,14.0,8,8,3,1.7,17277156.0,512000,4,0,0
2,3,15.6,5,4,3,2.1,4170348.0,1000000,1,0,0
2,2,13.3,8,8,3,1.6,7015876.92,256000,4,0,0
2,2,13.3,6,8,3,1.27,8251776.0,256000,4,0,0
2,3,15.6,6,4,3,2.3,5325418.8,256000,4,0,0
2,3,13.3,5,4,3,1.65,6126588.0,128000,4,0,0
2,4,14.0,8,8,3,1.43,13338000.0,256000,4,0,0
2,3,15.6,6,8,3,2.14,4801235.4,1000000,1,0,0
2,4,14.0,9,8,4,1.75,10807158.96,256000,4,0,0
2,2,15.6,8,16,4,2.0,16885908.0,512000,4,0,0
0,3,12.3,5,6,3,1.4,3992508.0,64000,2,0,0
2,3,15.6,9,8,3,2.31,12688884.0,256000,4,0,0
2,3,15.6,6,8,3,2.3,5308524.0,1000000,1,0,0
2,6,17.3,9,16,5,4.42,24888708.0,256000,4,1000000,1
2,6,15.6,8,8,4,2.62,10305828.0,128000,4,1000000,1
2,3,15.6,9,8,3,2.02,10158220.8,256000,4,2000000,1
2,4,14.0,8,8,3,1.6,9772308.0,256000,4,0,0
2,6,17.3,8,12,5,3.35,17775108.0,256000,4,1000000,1
0,2,11.6,1,4,3,1.16,2658708.0,32000,4,0,0
3,1,11.6,2,4,2,1.15,2391948.0,16000,2,0,0
2,3,13.3,7,8,3,1.4,8980920.0,256000,4,0,0
2,3,14.0,6,4,3,1.7,5326308.0,128000,4,0,0
2,5,15.6,8,16,3,2.3,21740940.0,512000,4,0,0
2,3,15.6,9,16,4,2.5,21776508.0,512000,4,0,0
2,6,17.3,9,8,5,3.2,15071940.0,256000,4,1000000,1
2,3,15.6,2,4,2,2.1,3085524.0,500000,1,0,0
2,4,12.3,6,16,3,1.1,19553508.0,512000,4,0,0
2,4,14.0,7,24,3,1.32,21180744.0,512000,4,0,0
2,3,15.6,6,4,3,2.0,4970628.0,256000,4,0,0
2,3,17.3,4,8,2,2.8,4614948.0,1000000,1,0,0
2,3,15.6,8,4,3,2.2,6660108.0,256000,4,0,0
2,4,12.5,6,8,3,1.36,12706668.0,256000,4,0,0
2,3,15.6,4,4,3,2.2,3103308.0,128000,4,0,0
2,6,15.6,8,8,4,2.2,9772308.0,128000,4,1000000,1
2,3,14.0,7,8,3,1.64,10483668.0,256000,4,0,0
2,3,15.6,6,4,3,2.4,3928485.6,500000,1,0,0
2,5,15.6,10,8,4,2.23,17721756.0,64000,2,1000000,1
4,6,15.6,7,8,4,2.2,9138664.08,256000,4,0,0
2,4,13.5,8,16,0,1.25,23021388.0,512000,4,0,0
2,3,15.6,6,8,3,1.91,5237388.0,128000,4,0,0
2,5,15.6,8,16,4,2.17,17561700.0,256000,4,0,0
2,5,15.6,9,8,3,2.31,13640328.0,512000,4,0,0
2,3,14.0,6,8,3,1.65,11959740.0,256000,4,0,0
2,3,15.6,9,8,3,2.36,8705268.0,128000,4,1000000,1
2,2,11.6,5,4,2,1.47,4259268.0,500000,1,0,0
2,3,17.3,8,8,5,4.42,18193032.0,1000000,1,0,0
2,4,13.5,5,4,3,1.252,8794188.0,128000,4,0,0
2,4,13.5,8,8,0,1.25,15996708.0,256000,4,0,0
2,3,17.3,5,8,3,2.5,5689990.8,256000,4,0,0
2,3,15.6,5,4,3,2.23,4837248.0,1000000,1,0,0
2,1,11.6,2,4,2,1.4,3868020.0,128000,4,0,0
2,3,15.6,6,8,3,2.37,6660108.0,1000000,1,0,0
2,3,14.0,7,8,3,1.5,7104708.0,512000,4,0,0
2,3,15.6,9,8,4,2.67,18584280.0,256000,4,0,0
2,3,15.6,4,4,3,2.0,2703168.0,500000,1,0,0
2,3,15.6,5,4,3,2.2,4170348.0,500000,1,0,0
2,3,15.6,8,8,3,2.02,6749028.0,2000000,1,0,0
2,6,17.3,8,12,5,3.78,15107508.0,1000000,1,0,0
2,4,14.0,8,12,3,1.4,16521336.0,256000,4,0,0
2,2,13.3,9,8,3,1.29,17775108.0,512000,4,0,0
2,3,15.6,6,8,0,1.9,10261368.0,500000,1,0,0
2,4,12.3,6,8,3,1.1,11337300.0,128000,4,0,0
2,4,13.3,8,8,3,1.42,16377730.2,256000,4,0,0
2,3,15.6,8,12,4,2.06,11550708.0,128000,4,1000000,1
2,3,14.0,5,8,3,1.79,6580080.0,128000,4,0,0
2,5,15.6,8,8,4,1.78,21411936.0,256000,4,0,0
2,3,14.0,6,8,3,1.7,12128688.0,1000,4,0,0
2,3,15.6,8,8,3,2.2,6002100.0,1000000,1,0,0
2,3,13.3,6,8,3,1.05,14867424.0,256000,4,0,0
2,3,15.6,9,8,3,2.16,11221704.0,512000,4,0,0
2,3,15.6,6,4,3,2.18,5216047.2,1000000,1,0,0
2,3,13.3,8,4,3,1.49,6455592.0,128000,4,0,0
0,3,15.6,3,4,2,1.89,2213218.8,64000,2,0,0
2,3,15.6,5,4,3,2.3,5023980.0,128000,4,0,0
2,3,14.0,8,8,3,1.75,9327708.0,256000,4,0,0
2,5,15.6,8,16,4,2.17,20789496.0,512000,4,0,0
2,3,15.6,8,16,4,2.06,16885908.0,512000,4,0,0
2,4,12.5,7,16,3,1.36,15987816.0,512000,4,0,0
2,4,12.5,7,16,3,0.91,17339400.0,512000,4,0,0
2,3,15.6,6,8,3,2.3,8998615.08,256000,4,0,0
2,4,13.3,7,32,3,1.05,24888708.0,512000,4,0,0
2,6,15.6,8,8,4,1.99,12004200.0,128000,4,1000000,1
2,3,15.6,7,8,4,2.2,5148468.0,1000000,1,0,0
2,6,17.3,8,24,4,4.33,11283948.0,256000,4,1000000,1
2,4,12.5,6,8,3,1.3,9772308.0,1000,4,0,0
2,3,15.6,9,8,3,2.17,7993018.8,256000,4,0,0
2,3,14.0,8,8,3,1.48,15552108.0,1000000,4,0,0
2,3,13.3,6,8,3,1.4,8438508.0,256000,4,0,0
2,3,15.6,6,8,3,2.3,8100612.0,256000,4,0,0
2,1,11.6,1,4,3,1.2,3023280.0,64000,2,0,0
2,3,15.6,6,8,3,1.91,5504059.08,256000,4,0,0
2,2,13.9,8,8,3,1.4,14218308.0,256000,4,0,0
2,3,14.0,1,4,3,2.1,2658708.0,500000,1,0,0
2,1,11.6,2,4,2,1.25,2356380.0,16000,4,0,0
2,3,13.3,6,8,3,1.44,8438508.0,256000,4,0,0
2,3,15.6,7,8,3,2.0,10883808.0,256000,4,1000000,1
2,3,15.6,8,4,4,2.2,5450796.0,1000000,1,0,0
2,4,13.3,7,8,3,1.34,11764116.0,512000,4,0,0
2,6,15.6,8,8,5,2.4,10216908.0,256000,4,1000000,1
2,4,13.3,6,8,3,1.29,7993908.0,128000,4,0,0
2,3,15.6,7,4,3,2.2,5681988.0,500000,1,0,0
2,3,15.6,6,8,3,2.18,7433712.0,1000000,1,0,0
2,3,15.6,9,16,3,2.2,10841482.08,256000,4,2000000,1
1,3,15.6,9,16,4,1.95,12448355.4,256000,4,0,0
2,1,11.6,1,2,3,1.1,2178540.0,32000,2,0,0
2,3,15.6,8,4,3,2.04,4636911.24,1000000,1,0,0
2,6,15.6,8,24,5,2.24,26391456.0,512000,4,0,0
2,3,15.6,6,8,3,2.04,7904988.0,256000,4,0,0
2,6,17.3,8,16,4,3.0,13373568.0,256000,4,1000000,1
2,6,15.6,8,8,5,3.2,12439908.0,256000,4,1000000,1
2,4,13.3,7,8,3,1.32,12439908.0,256000,4,0,0
2,3,14.0,8,8,3,1.64,11379359.16,256000,4,0,0
2,3,15.6,5,4,3,1.63,6126588.0,128000,4,0,0
2,3,17.3,8,8,3,2.8,7904988.0,128000,4,1000000,1
2,3,14.0,6,8,3,2.02,11915280.0,256000,4,0,0
2,3,15.6,7,4,3,2.2,7104708.0,1000000,1,0,0
2,3,15.6,5,8,3,2.2,4081428.0,2000000,1,0,0
2,3,15.6,6,4,3,2.3,5201820.0,500000,1,0,0
2,3,15.6,7,8,3,1.9,12244284.0,256000,4,0,0
2,6,17.3,8,16,5,4.42,26789550.84,128000,4,1000000,1
2,3,15.6,6,8,3,2.0,7647120.0,500000,1,0,0
2,3,15.6,7,8,4,2.0,11550708.0,256000,4,1000000,1
0,3,13.3,5,4,3,1.2,3281148.0,32000,4,0,0
2,6,15.6,7,8,5,2.3,14662908.0,128000,4,1000000,1
2,3,15.6,8,8,3,1.93,12173148.0,256000,4,0,0
2,3,15.6,8,8,3,2.2,7090569.72,256000,4,0,0
2,3,15.6,5,4,2,1.86,3547819.08,256000,4,0,0
2,6,17.3,8,12,5,2.62,15996708.0,1000000,1,0,0
2,3,14.0,7,8,3,1.87,7638228.0,256000,4,0,0
2,4,13.3,9,8,3,1.2,12439908.0,256000,4,0,0
2,3,14.0,5,4,3,1.6,6543356.04,128000,4,0,0
2,4,13.3,7,8,3,1.34,10181340.0,256000,4,0,0
2,6,15.6,7,8,4,2.4,7095816.0,1000000,1,0,0
2,3,15.6,4,4,2,2.0,3103308.0,500000,1,0,0
2,3,15.6,6,4,3,2.1,6273306.0,128000,4,0,0
2,3,14.0,6,4,3,1.87,6980220.0,500000,1,0,0
2,3,15.6,6,4,3,2.15,4111216.2,1000000,1,0,0
2,3,15.6,5,4,3,1.86,3530124.0,500000,1,0,0
2,3,15.6,7,8,3,1.99,15374268.0,512000,4,0,0
2,3,15.6,5,4,3,2.2,4437108.0,128000,4,0,0
2,3,15.6,6,8,3,1.9,9932275.08,256000,4,0,0
2,6,17.3,8,16,5,4.42,23999508.0,256000,4,1000000,1
2,3,17.3,5,8,3,2.65,4838581.8,1000000,1,0,0
2,3,17.3,7,8,3,2.63,11381760.0,1000000,1,0,0
2,3,15.6,1,4,3,2.0,1991808.0,500000,1,0,0
0,3,13.3,3,4,2,1.35,2267460.0,32000,2,0,0
2,3,17.3,7,6,3,2.8,8438508.0,128000,4,1000000,1
2,3,15.6,7,6,3,1.91,5058658.8,128000,4,0,0
2,3,15.6,5,4,3,2.18,5494366.8,1000000,1,0,0
2,2,11.6,4,4,3,1.25,3103308.0,32000,2,0,0
2,3,15.6,6,4,3,2.05,5601960.0,128000,4,0,0
2,4,13.3,4,16,3,1.16,17472780.0,512000,4,0,0
2,3,17.3,8,8,4,3.4,26667108.0,256000,4,0,0
2,3,15.6,7,8,4,2.5,7460388.0,128000,4,1000000,1
2,4,13.3,8,8,3,1.21,14218308.0,128000,4,0,0
2,3,15.6,8,4,3,1.93,8527428.0,500000,1,0,0
2,3,15.6,6,8,3,2.2,6571188.0,1000000,1,0,0
2,3,15.6,4,4,3,2.2,3058848.0,500000,1,0,0
2,3,14.0,6,4,3,2.02,8803080.0,500000,1,0,0
2,5,17.3,7,8,4,3.14,16547923.08,500000,1,0,0
2,3,14.0,5,8,2,1.94,3458988.0,2000000,1,0,0
2,3,15.6,6,6,3,1.95,5770908.0,256000,4,0,0
2,3,15.6,6,8,3,2.3,7380360.0,256000,4,0,0
2,3,15.6,8,4,3,2.05,6091020.0,500000,1,0,0
0,3,14.0,3,4,2,1.4,2214108.0,32000,4,0,0
2,4,14.0,7,16,3,1.24,16583580.0,512000,4,0,0
2,6,17.3,8,32,5,4.6,23679396.0,256000,4,1000000,1
4,6,17.3,9,16,5,4.14,24266268.0,512000,4,1000000,1
2,3,15.6,7,8,3,2.2,6660196.92,256000,4,0,0
0,3,14.0,5,4,3,1.45,3458988.0,32000,4,0,0
2,3,15.6,8,8,3,1.9,8967759.84,500000,1,0,0
2,3,13.3,6,4,3,1.49,6393348.0,128000,4,0,0
2,3,15.6,8,16,3,1.93,13670471.88,256000,4,0,0
2,1,11.6,2,4,2,1.26,2623140.0,16000,2,0,0
4,6,17.3,8,16,5,4.5,20887308.0,128000,4,1000000,1
2,6,17.3,8,16,4,3.78,13320216.0,256000,4,1000000,1
2,4,14.0,8,12,3,1.4,14876316.0,256000,4,0,0
2,3,15.6,9,12,3,2.2,5415228.0,1000000,1,0,0
2,6,17.3,7,8,5,2.73,15738840.0,128000,4,1000000,1
2,2,15.6,6,8,3,2.2,6571188.0,1000000,1,0,0
2,3,15.6,9,12,3,2.2,8438508.0,512000,4,0,0
2,2,11.6,4,4,3,1.39,5361876.0,128000,4,0,0
3,3,15.6,8,16,4,2.5,15107508.0,128000,4,1000000,1
2,3,17.3,5,4,3,2.8,4703868.0,500000,1,0,0
2,3,15.6,5,8,3,2.29,4081428.0,1000000,1,0,0
2,2,13.3,7,8,3,1.37,18006300.0,512000,4,0,0
2,3,14.0,7,8,3,1.7,13106808.0,256000,4,0,0
2,2,12.5,6,8,3,1.34,14849640.0,256000,4,0,0
2,5,15.6,8,8,4,2.06,15676596.0,256000,4,0,0
2,3,15.6,7,8,3,1.84,10839348.0,256000,4,0,0
2,3,15.6,6,4,3,2.1,5944124.16,500000,1,0,0
2,3,14.0,5,4,3,1.6,2925468.0,32000,2,0,0
4,6,17.3,8,16,4,4.14,19553508.0,128000,4,1000000,1
2,3,15.6,5,4,3,2.18,4134780.0,1000000,1,0,0
4,6,15.6,8,16,5,1.8,20442708.0,256000,4,2000000,1
2,3,15.6,8,8,3,2.2,12439908.0,256000,4,0,0
2,3,15.6,6,6,3,2.4,5015088.0,1000000,1,0,0
2,2,15.6,8,8,3,2.0,11550708.0,256000,4,0,0
2,3,14.0,5,4,2,1.6,3103308.0,128000,2,0,0
2,3,15.6,9,32,4,2.5,43561908.0,1000000,4,0,0
2,6,15.6,8,16,4,2.59,7816156.92,1000000,1,0,0
2,3,15.6,5,4,3,2.18,3947158.8,1000000,1,0,0
2,3,15.6,5,4,3,2.25,3192228.0,1000000,1,0,0
2,3,15.6,8,4,3,1.93,7727148.0,500000,1,0,0
2,6,17.3,8,8,4,3.0,10385856.0,128000,4,1000000,1
2,3,15.6,6,4,3,2.18,5059548.0,128000,4,0,0
2,4,15.6,7,8,3,1.84,12350988.0,512000,4,0,0
4,6,15.6,8,16,5,2.94,20165811.12,256000,4,1000000,1
2,2,11.6,4,4,2,1.25,3370068.0,32000,2,0,0
2,3,14.0,8,8,3,2.31,9994608.0,256000,4,0,0
2,3,14.0,6,8,3,1.65,13026780.0,256000,4,0,0
2,3,15.6,8,4,3,2.2,6900192.0,1000000,1,0,0
2,3,15.6,6,8,3,2.2,7104708.0,256000,4,0,0
2,3,15.6,6,4,3,1.88,8287344.0,500000,1,0,0
2,3,15.6,7,8,3,2.2,7993908.0,1000000,1,0,0
0,3,14.0,3,2,2,1.4,2125188.0,32000,2,0,0
2,3,15.6,6,4,3,2.2,4161456.0,128000,4,0,0
2,2,13.3,6,6,3,1.5,5682076.92,1000000,1,0,0
2,3,15.6,8,8,4,2.0,16183440.0,256000,4,0,0
2,4,14.0,7,16,3,1.1,16894800.0,512000,4,0,0
2,6,15.6,8,16,4,2.62,13151268.0,256000,4,1000000,1
2,3,15.6,8,4,3,1.8,7371468.0,256000,4,0,0
2,3,15.6,5,4,3,2.2,5148468.0,1000000,1,0,0
2,3,15.6,1,8,3,2.0,3547908.0,1000000,1,0,0
2,3,15.6,7,8,4,1.99,8061665.04,1000000,1,0,0
2,4,13.3,8,8,3,1.23,16619148.0,256000,4,0,0
2,3,14.0,2,2,2,1.42,2214108.0,32000,2,0,0
2,2,13.3,7,8,3,1.37,15626978.64,256000,4,0,0
2,3,15.6,8,16,4,2.06,21331908.0,1000000,4,0,0
2,6,15.6,8,8,4,2.5,9861228.0,128000,4,1000000,1
2,3,17.0,4,8,3,2.6,4631842.8,1000000,1,0,0
2,4,14.0,7,16,3,1.14,21785400.0,512000,4,0,0
2,6,15.6,8,8,4,2.5,10394748.0,1000000,1,0,0
2,3,15.6,5,4,3,2.4,4001400.0,500000,1,0,0
2,3,14.0,2,4,2,1.43,2436408.0,32000,2,0,0
2,4,14.0,6,8,3,1.8,8171748.0,256000,4,0,0
1,6,14.0,8,16,5,1.95,23110308.0,256000,4,0,0
2,3,13.3,6,8,3,1.2,10785996.0,256000,4,0,0
2,4,12.5,7,8,3,1.36,14084928.0,256000,4,0,0
2,6,17.3,8,32,5,3.8,24888708.0,512000,4,0,0
2,6,15.6,7,8,4,2.4,6304428.0,1000000,1,0,0
2,4,13.3,8,8,3,1.2,12892510.8,256000,4,0,0
4,6,15.6,8,8,4,2.2,10597485.6,128000,4,1000000,1
2,3,15.6,5,4,3,1.86,3244690.8,500000,1,0,0
2,3,15.6,6,8,3,2.0,9461088.0,500000,1,0,0
2,3,15.6,9,8,3,2.2,8171748.0,256000,4,0,0
2,3,15.6,9,16,3,2.2,10092420.0,256000,4,2000000,1
2,6,15.6,8,8,4,3.31,10634832.0,128000,4,1000000,1
2,6,17.3,8,32,5,4.42,27986414.04,512000,4,1000000,1
2,3,14.0,7,8,3,1.56,10928268.0,256000,4,0,0
2,3,15.6,1,4,3,2.2,3725748.0,500000,1,0,0
2,3,15.6,6,4,3,2.2,4757220.0,500000,1,0,0
2,3,15.6,5,6,3,2.04,4792788.0,1000000,1,0,0
4,6,17.3,8,8,5,2.7,13220358.84,128000,4,1000000,1
2,3,15.6,5,4,3,2.1,4428216.0,128000,4,0,0
2,3,15.6,6,8,3,2.06,8491860.0,1000000,1,0,0
2,3,15.6,7,8,3,2.1,6624540.0,1000000,1,0,0
2,3,15.6,6,8,3,2.0,11186136.0,256000,4,0,0
2,3,15.6,5,4,3,2.1,3663504.0,128000,4,0,0
2,4,13.5,8,8,0,1.252,16608922.2,256000,4,0,0
2,3,15.6,6,8,3,1.9,7273211.4,128000,4,1000000,1
2,2,13.3,6,8,3,1.3,9194328.0,256000,4,0,0
2,3,15.6,5,4,2,2.2,3103308.0,128000,4,0,0
2,2,14.0,6,4,3,1.63,6215508.0,128000,4,0,0
4,6,15.6,8,16,4,2.4,11506248.0,256000,4,1000000,1
2,4,14.0,6,8,3,1.1,10092420.0,256000,4,0,0
2,2,11.6,1,8,3,1.4,4401540.0,64000,2,0,0
2,4,15.6,9,8,3,1.09,20442708.0,512000,4,0,0
2,6,15.6,7,16,4,2.5,11550708.0,256000,4,0,0
4,6,15.6,7,8,4,2.2,8873326.8,256000,4,0,0
2,3,15.6,1,4,3,1.86,3725748.0,128000,4,0,0
2,6,15.6,7,16,5,3.21,18237492.0,128000,4,1000000,1
2,3,17.3,5,4,3,2.5,6215508.0,256000,4,0,0
2,2,13.3,9,8,3,1.19,13329108.0,512000,4,0,0
2,6,15.6,9,16,5,3.49,25019865.0,256000,4,1000000,1
2,3,15.6,6,4,3,1.86,5447328.12,500000,1,0,0
2,3,15.6,5,4,3,2.2,4852097.64,1000000,1,0,0
2,3,17.3,7,6,3,2.65,5059548.0,2000000,1,0,0
2,3,15.6,4,4,3,2.1,2827656.0,500000,1,0,0
2,3,14.0,4,4,3,1.45,3334500.0,32000,2,0,0
2,3,14.0,6,4,3,1.7,6215508.0,256000,4,0,0
2,5,17.3,8,8,4,3.14,16965847.08,500000,1,0,0
2,2,14.0,7,8,3,1.42,23030280.0,256000,4,0,0
2,3,13.3,6,8,3,1.5,8651916.0,256000,4,0,0
2,1,11.6,4,4,2,1.4,2391948.0,32000,2,0,0
2,2,14.0,7,16,3,1.38,15552108.0,512000,4,0,0
2,2,12.5,3,4,3,1.2,5948748.0,64000,2,0,0
2,4,13.3,8,16,3,1.36,16690284.0,512000,4,0,0
2,3,15.6,7,4,3,2.1,6126588.0,500000,1,0,0
2,6,15.6,7,8,4,2.56,7282548.0,1000000,1,0,0
2,3,15.6,6,4,3,2.2,3547908.0,256000,4,0,0
2,3,15.6,9,8,3,2.2,3814668.0,1000000,1,0,0
2,3,15.6,6,4,3,2.1,5525933.4,1000000,1,1000000,1
2,3,15.6,5,4,3,1.9,4001400.0,500000,1,0,0
2,3,15.6,6,8,3,2.18,7069140.0,256000,4,0,0
2,2,13.3,8,8,3,1.6,8883108.0,256000,4,0,0
2,5,15.6,8,16,4,2.18,16494660.0,512000,4,0,0
2,3,14.0,7,8,3,1.8,10590372.0,256000,4,0,0
2,3,17.3,7,6,3,2.71,5824348.92,2000000,1,0,0
2,6,15.6,8,8,4,2.5,11106108.0,128000,4,1000000,1
2,3,14.0,7,8,3,1.64,9683388.0,256000,4,0,0
2,3,15.6,6,8,3,1.98,6455592.0,1000000,1,0,0
2,3,14.0,1,4,3,1.5,2649816.0,32000,2,0,0
2,3,15.6,8,16,3,1.93,12685860.72,512000,4,0,0
2,3,14.0,6,8,3,1.87,7621066.44,256000,4,0,0
2,3,15.6,8,8,3,1.9,10483668.0,256000,4,0,0
2,3,15.6,5,4,2,2.19,2649816.0,500000,1,0,0
0,3,14.0,3,4,2,1.4,2356380.0,32000,1,0,0
2,3,17.3,7,8,3,2.63,10670400.0,256000,4,0,0
2,4,14.0,8,8,3,1.17,14997602.88,512000,4,0,0
2,2,13.3,6,8,3,1.58,7439047.2,256000,4,0,0
2,4,14.0,6,8,3,1.32,13329108.0,256000,4,0,0
2,6,17.3,8,32,5,4.36,32539384.8,1000000,4,1000000,1
4,6,17.3,8,8,4,2.7,11990684.16,128000,4,1000000,1
2,3,15.6,6,4,3,1.9,4356190.8,1000000,1,0,0
2,3,15.6,8,8,3,2.2,6393348.0,128000,4,1000000,1
2,2,13.3,6,4,3,1.71,5770908.0,1000000,1,0,0
2,3,15.6,6,8,3,2.32,5242011.84,1000000,1,0,0
2,3,15.6,4,4,3,2.1,4348188.0,1000000,1,0,0
2,6,17.3,8,16,5,4.2,17206020.0,128000,4,1000000,1
2,3,15.6,6,12,3,2.25,5770908.0,1000000,1,0,0
2,3,15.6,6,6,3,2.1,5779800.0,128000,4,1000000,1
2,3,15.6,6,4,3,2.4,4970628.0,500000,1,0,0
2,3,13.3,6,8,3,1.44,8536320.0,256000,4,0,0
2,3,15.6,7,4,3,1.85,6926868.0,1000000,1,0,0
2,5,15.6,8,16,4,2.6,21509748.0,256000,4,0,0
2,2,13.3,8,8,3,1.55,5859828.0,1000000,1,0,0
4,6,15.6,8,16,5,1.8,18624116.16,256000,4,1000000,1
2,3,15.6,5,4,3,2.4,3652833.6,500000,1,0,0
2,3,15.6,7,8,3,2.0,10732644.0,128000,4,1000000,1
2,3,15.6,5,8,3,2.0,5913180.0,256000,4,0,0
2,3,14.0,6,8,3,1.25,13649220.0,256000,4,0,0
2,2,14.0,6,8,3,1.7,8883108.0,256000,4,0,0
2,5,15.6,8,16,4,2.5,29334708.0,1000000,4,0,0
2,3,14.0,2,2,2,1.68,2934360.0,32000,2,0,0
3,4,13.3,7,16,3,0.81,14662908.0,256000,4,0,0
2,3,15.6,5,8,3,1.86,4792788.0,256000,4,0,0
2,3,14.0,6,8,3,1.6,10018705.32,256000,4,0,0
2,5,17.3,8,16,4,3.0,39026988.0,256000,4,0,0
2,1,11.6,2,4,2,1.4,4223700.0,128000,4,0,0
2,3,15.6,7,8,3,1.84,16894800.0,256000,4,0,0
2,3,15.6,7,4,4,2.45,5148468.0,1000000,1,0,0
2,4,14.0,6,4,3,1.7,9745632.0,1000,4,0,0
2,3,15.6,7,4,3,2.37,7557310.8,256000,4,0,0
2,2,13.3,6,8,3,1.3,10661508.0,256000,4,0,0
2,3,15.6,7,8,4,2.2,9772308.0,128000,4,1000000,1
2,5,15.6,8,8,4,2.59,13880412.0,256000,4,0,0
2,6,15.6,8,16,5,4.42,25511059.08,256000,4,1000000,1
2,3,15.6,6,4,3,2.1,5326308.0,256000,4,0,0
2,6,15.6,8,8,4,2.5,9318816.0,128000,4,1000000,1
2,4,12.5,8,16,3,1.18,16530228.0,256000,4,0,0
2,4,12.3,6,8,3,1.1,13862628.0,256000,4,0,0
2,4,13.3,6,8,3,1.2,10039068.0,256000,4,0,0
2,3,13.3,5,4,3,1.65,7549308.0,500000,1,0,0
2,3,13.3,6,4,3,1.6,5824260.0,128000,4,0,0
2,3,17.3,4,4,3,2.8,4182263.28,1000000,1,0,0
2,6,15.6,8,16,4,2.72,9772308.0,128000,4,1000000,1
3,4,13.3,7,8,3,1.31,14218308.0,256000,4,0,0
2,3,15.6,4,4,3,2.1,2649816.0,1000000,1,0,0
2,3,15.6,7,16,3,2.3,10503852.84,256000,4,0,0
3,2,15.0,7,16,3,1.71,15996708.0,256000,4,0,0
2,3,14.0,6,4,3,1.75,9069840.0,128000,4,0,0
2,6,15.6,8,8,4,2.62,9772308.0,1000000,1,0,0
2,4,12.5,6,4,3,1.26,11061648.0,256000,4,0,0
2,2,15.6,7,12,3,2.3,7460388.0,2000000,1,0,0
2,3,15.6,8,16,4,2.5,21074040.0,512000,4,0,0
2,3,14.0,6,4,3,1.8,5655312.0,128000,4,0,0
1,6,14.0,8,16,5,1.95,25777908.0,512000,4,0,0
2,3,15.6,4,8,3,2.0,5174254.8,128000,4,0,0
2,6,17.3,8,32,5,4.42,31911609.6,1000000,4,1000000,1
2,6,17.3,8,16,5,4.3,20896200.0,256000,4,1000000,1
2,4,14.0,8,16,3,1.47,15685488.0,512000,4,0,0
2,3,15.6,4,8,2,2.2,2925468.0,1000000,1,0,0
2,4,14.0,7,16,3,1.7,20442708.0,512000,4,0,0
4,6,14.0,8,16,5,1.6,16814772.0,256000,4,1000000,1
4,6,15.6,7,8,4,2.2,9683388.0,128000,4,1000000,1
2,6,15.6,8,4,4,2.4,8883108.0,1000000,1,0,0
2,6,17.3,8,16,5,4.2,20442708.0,256000,4,1000000,1
2,6,15.6,7,8,4,2.62,8758620.0,256000,4,0,0
2,6,15.6,8,8,5,2.24,11906388.0,128000,4,1000000,1
0,3,14.0,1,4,3,1.22,1804186.8,32000,2,0,0
2,2,13.3,7,8,3,1.37,17517240.0,512000,4,0,0
2,2,15.6,6,8,3,2.08,8527428.0,256000,4,0,0
5,4,12.0,2,8,2,0.92,10359180.0,512000,2,0,0
2,2,14.0,6,8,3,1.42,20718360.0,256000,4,0,0
2,3,14.0,1,4,3,1.63,2658708.0,32000,2,0,0
2,3,15.6,6,8,3,1.95,7202520.0,128000,4,0,0
2,2,13.9,7,8,3,1.38,11995308.0,256000,4,0,0
2,3,15.6,5,8,3,2.0,6571188.0,256000,4,0,0
2,5,15.6,8,8,4,3.14,18361090.8,256000,4,0,0
2,3,15.6,6,8,3,2.37,9772308.0,256000,4,0,0
2,4,13.3,6,8,3,1.29,13329108.0,256000,4,0,0
2,3,15.6,7,8,4,2.06,15552108.0,256000,4,0,0
2,1,11.6,4,4,3,1.63,6615648.0,128000,4,0,0
2,1,12.5,8,8,3,1.26,12350988.0,256000,4,0,0
2,3,15.6,6,4,3,2.1,6935760.0,500000,1,0,0
2,3,15.6,7,8,3,2.04,5593068.0,2000000,1,0,0
2,6,15.6,8,16,4,2.62,14929668.0,512000,4,0,0
2,3,15.6,6,4,2,2.4,5415228.0,1000000,1,0,0
2,6,17.3,8,12,5,3.74,15552108.0,1000000,1,0,0
4,6,17.3,8,16,5,2.9,21474180.0,512000,4,1000000,1
3,4,13.3,6,8,3,0.81,13329108.0,256000,4,0,0
2,3,15.6,7,8,3,1.98,8545212.0,1000000,1,0,0
2,3,15.6,6,8,3,2.18,7022990.52,256000,4,0,0
2,4,14.0,7,8,3,1.32,16530228.0,256000,4,0,0
1,4,12.5,8,16,3,1.29,15996708.0,512000,4,0,0
2,1,11.6,2,4,2,1.23,3423420.0,16000,2,0,0
2,6,17.3,8,16,5,4.36,22274637.84,128000,4,1000000,1
2,3,14.0,6,4,3,1.76,6713460.0,500000,1,0,0
2,3,15.6,5,4,3,2.1,4356190.8,500000,1,0,0
2,4,14.0,6,4,3,1.25,9692280.0,128000,4,0,0
2,4,14.0,7,8,3,1.13,22221108.0,512000,4,0,0
4,6,15.6,7,8,4,2.4,10661508.0,256000,4,0,0
2,4,14.0,6,8,3,1.13,16672500.0,256000,2,0,0
2,3,14.0,5,4,3,1.75,4437108.0,128000,4,0,0
2,2,13.3,6,8,3,1.1,12075336.0,256000,4,0,0
2,3,14.0,5,4,3,1.76,5201820.0,500000,1,0,0
2,1,11.6,2,4,2,1.35,3156660.0,32000,2,0,0
2,3,14.0,6,8,3,1.5,5504148.0,128000,4,0,0
1,6,17.3,9,32,5,3.49,48897108.0,512000,4,0,0
2,4,14.0,8,16,3,1.1,18664308.0,512000,4,0,0
2,3,15.6,6,4,2,2.1,4614948.0,1000000,1,0,0
2,3,14.0,6,8,3,1.7,10545912.0,256000,4,0,0
2,3,14.0,8,8,3,1.32,14671800.0,256000,4,0,0
2,6,15.6,8,16,5,3.21,24672009.96,256000,4,1000000,1
2,6,17.3,8,16,5,2.9,21509748.0,256000,4,1000000,1
2,3,15.6,6,4,3,2.0,5948748.0,500000,1,0,0
2,3,14.0,4,4,2,1.5,2889900.0,16000,2,0,0
2,3,15.6,6,8,3,2.3,5246280.0,128000,1,0,0
2,6,17.3,8,16,5,2.73,15996708.0,512000,4,1000000,1
2,6,17.3,8,32,5,4.42,27324137.88,512000,4,1000000,1
2,3,17.3,6,8,3,2.63,8091720.0,1000000,1,0,0
2,3,15.6,6,8,3,2.18,6348799.08,128000,4,0,0
2,4,14.0,8,8,3,1.54,16628040.0,512000,4,0,0
2,3,15.6,7,4,3,2.18,6571188.0,256000,4,0,0
2,2,11.6,1,4,3,1.4,5468580.0,32000,2,0,0
2,4,13.3,6,8,3,1.45,9123192.0,512000,4,0,0
2,2,13.3,6,8,3,1.28,20247084.0,256000,4,0,0
2,4,14.0,8,8,3,1.54,13053456.0,512000,4,0,0
2,3,15.6,2,4,2,1.86,2658708.0,128000,4,0,0
2,6,15.6,8,16,5,2.1,16885908.0,128000,4,1000000,1
2,3,17.3,7,8,3,2.83,7691580.0,1000000,1,0,0
2,4,14.0,8,8,3,1.96,16921476.0,256000,4,0,0
2,3,15.6,7,8,3,2.3,6998004.0,256000,4,0,0
2,3,15.6,6,8,3,1.9,8402940.0,128000,4,0,0
2,3,15.6,4,4,3,2.0,3992508.0,1000000,1,0,0
2,2,13.3,8,8,3,1.28,22754628.0,256000,4,0,0
2,3,13.3,6,8,3,1.62,5770908.0,1000000,1,0,0
2,3,15.6,5,4,3,2.2,4170348.0,1000000,1,0,0
2,3,15.6,6,8,3,2.3,7564068.72,1000000,1,0,0
2,3,15.6,8,8,3,1.84,11995308.0,256000,4,0,0
2,3,13.3,6,4,3,1.05,11426220.0,128000,4,0,0
2,6,15.6,7,8,4,2.5,9043164.0,1000000,1,0,0
2,4,13.3,8,16,0,1.29,19918080.0,512000,4,0,0
2,3,15.6,6,4,3,2.07,8091720.0,500000,1,0,0
2,4,13.3,6,8,3,1.2,9736740.0,256000,4,0,0
2,2,13.3,7,8,3,1.37,17339400.0,256000,4,0,0
2,3,14.0,6,8,3,1.56,8020584.0,256000,4,0,0
2,5,15.6,8,8,4,2.23,15809976.0,1000000,1,0,0
2,3,15.6,6,4,3,2.38,9381060.0,500000,1,0,0
2,3,15.6,5,4,3,2.2,4259268.0,1000000,1,0,0
2,3,15.6,7,8,3,2.0,12342096.0,256000,4,0,0
2,3,13.3,6,4,3,1.44,6535620.0,1000,4,0,0
3,4,15.0,7,16,3,1.23,16441308.0,256000,4,0,0
2,4,12.5,8,8,3,1.6,15027480.0,256000,4,0,0
2,3,15.6,4,4,3,2.0,3547819.08,1000000,1,0,0
1,4,13.3,6,8,3,1.28,8314020.0,256000,4,0,0
2,3,15.6,6,4,3,2.18,8113950.0,128000,4,1000000,1
2,3,15.6,6,4,3,2.04,7460388.0,256000,4,0,0
2,2,13.3,6,4,3,1.28,15116400.0,256000,4,0,0
2,2,15.6,6,4,3,2.3,6089241.6,500000,1,0,0
2,3,14.1,1,4,3,1.65,3094416.0,32000,2,0,0
2,3,15.6,8,8,3,2.2,5948748.0,1000000,1,0,0
2,3,15.6,5,4,2,2.2,3281148.0,500000,1,0,0
2,2,13.3,6,4,3,1.28,15996708.0,256000,4,0,0
2,3,15.6,5,4,3,2.18,4052084.4,1000000,1,0,0
2,6,17.3,7,12,4,2.2,12181150.8,128000,4,1000000,1
2,1,11.6,2,4,2,1.25,2640924.0,32000,2,0,0
2,3,17.3,5,4,2,2.8,3370068.0,500000,1,0,0
2,3,14.0,6,4,3,1.95,11248380.0,128000,4,0,0
2,2,13.3,7,16,3,1.42,12439908.0,256000,4,0,0
3,4,15.0,7,8,3,1.17,15107508.0,256000,4,0,0
2,4,14.0,6,8,3,1.32,15996708.0,256000,4,0,0
4,6,17.3,8,16,5,2.43,23554908.0,512000,4,2000000,1
2,3,13.3,6,8,3,1.05,13115700.0,256000,4,0,0
2,6,15.6,8,8,4,2.62,8260668.0,1000000,1,0,0
2,3,15.6,7,8,3,2.04,8002800.0,1000000,1,0,0
2,3,15.6,5,4,3,2.18,5459688.0,1000000,1,0,0
2,3,15.6,8,8,3,1.9,8314020.0,500000,1,0,0
2,2,13.3,6,8,3,1.24,17900485.2,512000,4,0,0
2,6,17.3,8,32,5,3.58,11372868.0,256000,4,256000,4
2,2,13.3,6,16,3,1.22,14662908.0,256000,4,0,0
2,4,14.0,7,8,3,1.13,18219708.0,256000,2,0,0
2,3,15.6,6,8,3,1.95,17454907.08,512000,4,0,0
2,4,15.6,7,16,3,1.08,18664308.0,512000,4,0,0
2,1,12.5,7,8,3,1.26,13186836.0,512000,4,0,0
2,3,15.6,4,4,2,2.2,3192228.0,16000,2,0,0
2,3,15.6,7,8,4,2.6,7015788.0,128000,4,1000000,1
2,4,14.0,7,8,3,0.98,16885908.0,512000,4,0,0
2,3,14.0,7,8,3,1.6,10714860.0,256000,4,0,0
2,4,12.5,4,8,3,1.09,27565200.0,240000,4,0,0
2,3,15.6,7,6,3,2.2,7015788.0,256000,4,0,0
2,3,15.6,7,8,3,2.04,9060859.08,256000,4,0,0
2,3,15.6,6,4,3,2.4,4437108.0,1000000,1,0,0
2,3,13.3,6,4,3,1.44,7833852.0,128000,4,0,0
2,3,13.3,6,8,3,1.49,8536320.0,256000,4,0,0
4,6,17.3,8,16,4,2.7,14218308.0,256000,4,1000000,1
2,6,15.6,8,16,4,2.6,11995308.0,128000,4,1000000,1
4,6,15.6,7,8,4,2.2,9958239.72,128000,4,1000000,1
2,3,15.6,6,4,3,2.18,6090931.08,1000000,1,0,0
2,4,15.6,8,8,3,1.84,11532835.08,256000,4,0,0
2,4,13.3,7,8,3,1.39,10216908.0,256000,4,0,0
2,3,15.6,8,16,3,2.4,17561700.0,256000,4,0,0
2,2,13.3,6,8,3,1.37,16227900.0,512000,4,0,0
2,3,15.6,6,4,3,1.95,6490270.8,500000,1,0,0
2,4,12.5,7,8,3,1.36,14671800.0,256000,4,0,0
2,3,15.6,6,8,3,2.31,10359180.0,256000,4,0,0
2,3,15.6,6,4,3,2.18,6296069.52,1000000,1,0,0
2,3,14.0,6,4,3,1.95,10216908.0,500000,1,0,0
2,3,15.6,4,4,3,2.2,2747628.0,1000000,1,0,0
2,4,12.5,6,4,3,1.26,14040468.0,500000,1,0,0
2,3,15.6,2,4,2,1.86,2568898.8,1000000,1,0,0
2,2,13.3,7,16,4,1.3,15996708.0,1000000,4,0,0
2,3,14.0,6,4,3,1.47,9825660.0,128000,4,0,0
2,1,12.5,6,8,3,1.26,14840748.0,256000,4,0,0
2,3,15.6,5,4,3,2.18,4967071.2,1000000,1,0,0
4,6,15.6,8,8,4,2.2,10661508.0,128000,4,1000000,1
2,4,14.0,6,8,3,1.36,14573988.0,256000,4,0,0
2,6,17.3,8,16,5,4.36,24524136.0,512000,4,1000000,1
2,6,17.3,7,8,4,2.75,12439908.0,128000,4,1000000,1
2,3,17.3,5,4,3,2.8,4712760.0,1000000,1,0,0
2,3,15.6,6,4,3,2.23,5504148.0,500000,1,0,0
2,3,15.6,6,8,3,2.2,9950148.0,256000,4,0,0
2,2,11.3,6,8,3,1.1,11550708.0,256000,4,0,0
2,6,15.6,6,16,4,2.5,8883108.0,512000,4,1000000,1
2,4,12.5,6,8,2,1.36,13090802.4,256000,4,0,0
2,3,15.6,7,8,3,2.2,6091020.0,1000000,1,0,0
2,3,17.3,5,4,3,2.36,5859828.0,1000000,1,0,0
2,3,14.0,2,4,2,1.68,3103308.0,32000,2,0,0
2,5,15.6,8,8,4,2.0,19998108.0,8000,4,0,0
2,4,14.0,8,8,3,1.36,15783300.0,256000,4,0,0
2,3,13.3,6,8,3,1.2,12982320.0,256000,4,0,0
2,2,12.5,5,8,3,1.2,10305828.0,64000,2,0,0
2,4,14.0,8,8,3,1.7,13240099.08,256000,4,0,0
2,6,17.3,8,16,5,4.36,28045368.0,512000,4,1000000,1
2,2,13.3,6,8,3,1.24,16885908.0,256000,4,0,0
2,2,11.6,4,4,3,1.45,6891300.0,256000,4,0,0
2,4,13.3,8,8,3,1.3,11275056.0,256000,4,0,0
2,2,11.6,2,4,2,1.25,3458988.0,32000,2,0,0
2,3,13.3,7,8,3,1.2,13649220.0,256000,4,0,0
2,4,12.5,8,8,3,1.36,15649920.0,256000,4,0,0
2,3,15.6,6,12,4,2.4,8972028.0,128000,4,1000000,1
2,4,12.5,7,8,3,1.1,15916680.0,512000,4,0,0
2,3,15.6,7,8,3,2.04,7527078.0,1000000,1,0,0
2,3,15.6,5,4,3,2.25,4140293.04,1000000,1,0,0
2,3,15.6,6,4,3,1.9,7335900.0,500000,1,0,0
2,3,15.6,6,4,3,2.04,6091020.0,500000,1,0,0
2,6,17.3,8,32,5,4.42,28000908.0,256000,4,1000000,1
2,3,15.6,6,6,3,2.4,6179940.0,256000,4,0,0
2,2,13.3,6,16,3,1.22,16885908.0,512000,4,0,0
2,4,14.0,8,8,3,1.5,17454818.16,256000,4,0,0
2,6,17.3,8,32,5,4.42,24897600.0,256000,4,1000000,1
2,3,14.0,6,8,3,1.95,10492560.0,256000,4,0,0
2,6,17.3,8,16,5,2.73,18227710.8,256000,4,1000000,1
2,3,15.6,7,8,3,2.04,8705268.0,128000,4,1000000,1
2,3,14.0,6,4,3,1.7,8909784.0,508000,3,0,0
